email,Name,Sponsor Name,Your Full Name,Email,website,Your Name
vsuortiz1@gmail.com,Bob,Hi,Sup,maxuscrap@gmail.com,agenthacks.org,Victor
vsuortiz1@gmail.com,fdojf,Hi,Sup,maxuscrap@gmail.com,agenthacks.org,Victor
vsuortiz1@gmail.com,fdfds,Hi,Sup,maxuscrap@gmail.com,agenthacks.org,Victor
vsuortiz1@gmail.com,sffa,Hi,Sup,maxuscrap@gmail.com,agenthacks.org,Victor
vsuortiz1@gmail.com,afdsa,Hi,Sup,maxuscrap@gmail.com,agenthacks.org,Victor
vsuortiz1@gmail.com,afas,Hi,Sup,maxuscrap@gmail.com,agenthacks.org,Victor
vsuortiz1@gmail.com,afda,Hi,Sup,maxuscrap@gmail.com,agenthacks.org,Victor
vsuortiz1@gmail.com,af,Hi,Sup,maxuscrap@gmail.com,agenthacks.org,Victor
vsuortiz1@gmail.com,adfa,Hi,Sup,maxuscrap@gmail.com,agenthacks.org,Victor
vsuortiz1@gmail.com,ah52,Hi,Sup,maxuscrap@gmail.com,agenthacks.org,Victor
vsuortiz1@gmail.com,af,Hi,Sup,maxuscrap@gmail.com,agenthacks.org,Victor
vsuortiz1@gmail.com,qgq,Hi,Sup,maxuscrap@gmail.com,agenthacks.org,Victor